"0","rstats_run <- summarize_bluesky_topic(""rstats"")
"
"1","Okay,"
"1"," "
"1","here’s"
"1"," "
"1","a"
"1"," "
"1","concise"
"1"," "
"1","summary"
"1"," "
"1","for"
"1"," "
"1","my"
"1"," "
"1","boss:"
"1","
"
"1","
"
"1","“Several"
"1"," "
"1","R-focused"
"1"," "
"1","discussions"
"1"," "
"1","are"
"1"," "
"1","circulating"
"1"," "
"1","–"
"1"," "
"1","one"
"1"," "
"1","detailing"
"1"," "
"1","a"
"1"," "
"1","free"
"1"," "
"1","tutorial"
"1"," "
"1","on"
"1"," "
"1","building"
"1"," "
"1","a"
"1"," "
"1","website"
"1"," "
"1","with"
"1"," "
"1","R"
"1","
"
"1","and"
"1"," "
"1","Quarto,"
"1"," "
"1","another"
"1"," "
"1","seeking"
"1"," "
"1","a"
"1"," "
"1","TA"
"1"," "
"1","for"
"1"," "
"1","Rust/R"
"1"," "
"1","package"
"1"," "
"1","talks,"
"1"," "
"1","and"
"1"," "
"1","a"
"1"," "
"1","third"
"1"," "
"1","sharing"
"1"," "
"1","a"
"1"," "
"1","Stan-based"
"1"," "
"1","case"
"1"," "
"1","study"
"1"," "
"1","on"
"1"," "
"1","
"
"1","plausibility"
"1"," "
"1","analysis."
"1","  "
"1","A"
"1"," "
"1","key"
"1"," "
"1","thread"
"1"," "
"1","is"
"1"," "
"1","concerning"
"1"," "
"1","package"
"1"," "
"1","submissions"
"1"," "
"1","to"
"1"," "
"1","CRAN,"
"1"," "
"1","highlighting"
"1"," "
"1","challenges"
"1"," "
"1","
"
"1","with"
"1"," "
"1","rejections"
"1"," "
"1","and"
"1"," "
"1","exploring"
"1"," "
"1","feedback"
"1"," "
"1","mechanisms."
"1","  "
"1","Essentially,"
"1"," "
"1","it’s"
"1"," "
"1","a"
"1"," "
"1","vibrant"
"1"," "
"1","ecosystem"
"1"," "
"1","of"
"1"," "
"1","R"
"1"," "
"1","usage,"
"1"," "
"1","
"
"1","particularly"
"1"," "
"1","around"
"1"," "
"1","data"
"1"," "
"1","science"
"1"," "
"1","and"
"1"," "
"1","statistical"
"1"," "
"1","modeling.”"
"1","
"
